individual,timestamp_local,timezone,longitude,latitude,UTMeasting,UTMnorthing,UTMzone
Romeo,2002-04-28T01:04:00Z,Eastern African Time,38.87065167,-3.78817667,485637.9947924298,9581285.465733133,37S
Romeo,2002-04-28T07:03:00Z,Eastern African Time,38.929925,-3.800805,492219.44111321546,9579890.350116856,37S
Romeo,2002-04-28T14:03:00Z,Eastern African Time,38.92913667,-3.80072667,492131.91059830406,9579899.001187796,37S
Romeo,2002-04-28T21:03:00Z,Eastern African Time,38.93245167,-3.80076167,492499.98178752966,9579895.161932603,37S
Romeo,2002-04-29T04:03:00Z,Eastern African Time,38.93510667,-3.80006167,492794.76575434604,9579972.559012394,37S
Romeo,2002-04-29T11:04:00Z,Eastern African Time,38.93576167,-3.79967667,492867.48856303,9580015.120415114,37S
Romeo,2002-04-29T19:03:00Z,Eastern African Time,38.93766,-3.79953833,493078.26295620773,9580030.427253826,37S
Romeo,2002-04-30T01:03:00Z,Eastern African Time,38.941715,-3.79895333,493528.49365873175,9580095.121621087,37S
Romeo,2002-04-30T15:03:00Z,Eastern African Time,38.94081,-3.7843,493427.89891766856,9581714.820021426,37S
Romeo,2002-04-30T22:03:00Z,Eastern African Time,38.927025,-3.80612,491897.4981307321,9579302.829842966,37S
Romeo,2002-05-01T05:04:00Z,Eastern African Time,38.96854,-3.833285,496507.0690264742,9576300.425740028,37S
Romeo,2002-05-01T12:03:00Z,Eastern African Time,38.96850333,-3.83393833,496503.00029506604,9576228.20974302,37S
Romeo,2002-05-01T19:03:00Z,Eastern African Time,38.968305,-3.83456833,496480.98276473675,9576158.571864547,37S
Romeo,2002-05-02T02:02:00Z,Eastern African Time,38.96400833,-3.831845,496003.921451618,9576459.576379059,37S
Romeo,2002-05-02T16:04:00Z,Eastern African Time,38.94022,-3.78441667,493362.38973586215,9581701.919420928,37S
Romeo,2002-05-02T23:03:00Z,Eastern African Time,38.93944833,-3.786425,493276.7236152324,9581479.9228353,37S
Romeo,2002-05-03T06:03:00Z,Eastern African Time,38.929425,-3.79931333,492163.91168587713,9580055.227350926,37S
Romeo,2002-05-03T13:04:00Z,Eastern African Time,38.929525,-3.79924667,492175.0142978965,9580062.596519805,37S
Romeo,2002-05-03T20:03:00Z,Eastern African Time,38.927955,-3.79923333,492000.69372178684,9580064.056691043,37S
Romeo,2002-05-04T03:03:00Z,Eastern African Time,38.94084833,-3.78453333,493432.1566089244,9581689.029193928,37S
Romeo,2002-05-04T17:03:00Z,Eastern African Time,38.89106667,-3.786235,487904.7208930542,9581500.39980818,37S
Romeo,2002-05-05T00:03:00Z,Eastern African Time,38.89812833,-3.79077,488688.8634195851,9580999.218532097,37S
Romeo,2002-05-05T07:04:00Z,Eastern African Time,38.93491,-3.87698,492773.5756911928,9571470.382708605,37S
Romeo,2002-05-05T14:03:00Z,Eastern African Time,38.93485333,-3.87709167,492767.285018692,9571458.038760247,37S
Romeo,2002-05-05T22:03:00Z,Eastern African Time,38.95076667,-3.80174167,494533.53747138905,9579786.97504135,37S
Romeo,2002-05-06T11:03:00Z,Eastern African Time,38.93952167,-3.82615667,493285.17456312646,9577088.183306418,37S
Romeo,2002-05-06T18:03:00Z,Eastern African Time,38.93964167,-3.8258,493298.4952310176,9577127.608779931,37S
Romeo,2002-05-07T15:03:00Z,Eastern African Time,38.90191833,-3.86061,489110.5613591871,9573279.492273573,37S
Romeo,2002-05-07T22:03:00Z,Eastern African Time,38.88739667,-3.85182667,487498.1754612471,9574250.160526404,37S
Romeo,2002-05-08T05:03:00Z,Eastern African Time,38.92946333,-3.79961667,492168.1702825425,9580021.698010255,37S
Romeo,2002-05-08T20:03:00Z,Eastern African Time,38.94027167,-3.79353667,493368.19630682387,9580693.841045015,37S
Romeo,2002-05-09T02:03:00Z,Eastern African Time,38.88732833,-3.85227333,487490.5945013008,9574200.78784127,37S
Romeo,2002-05-09T16:03:00Z,Eastern African Time,38.871845,-3.85364,485771.5732246881,9574049.479796097,37S
Romeo,2002-05-10T00:03:00Z,Eastern African Time,38.943955,-3.794645,493777.17481247615,9580571.359171174,37S
Romeo,2002-05-10T06:03:00Z,Eastern African Time,38.89765667,-3.83986833,488637.138496793,9575572.121750623,37S
Romeo,2002-05-10T13:03:00Z,Eastern African Time,38.88889833,-3.84641,487664.8200667472,9574848.915391397,37S
Romeo,2002-05-10T20:03:00Z,Eastern African Time,38.870025,-3.86276833,485569.6611427309,9573040.446005583,37S
Romeo,2002-05-11T03:03:00Z,Eastern African Time,38.85860167,-3.81106333,484300.4515506141,9578755.474053016,37S
Romeo,2002-05-11T10:03:00Z,Eastern African Time,38.88291333,-3.80013167,486999.6312047897,9579964.211615251,37S
Romeo,2002-05-11T17:03:00Z,Eastern African Time,38.89012,-3.79102,487799.67544165027,9580971.47612487,37S
Romeo,2002-05-12T00:03:00Z,Eastern African Time,38.91660333,-3.84235667,490740.7556764693,9575297.301071063,37S
Romeo,2002-05-12T07:03:00Z,Eastern African Time,39.00250167,-3.76275333,500277.77716313826,9584096.701689148,37S
Romeo,2002-05-12T14:03:00Z,Eastern African Time,39.00408,-3.766455,500453.0277936209,9583687.537559913,37S
Romeo,2002-05-12T21:03:00Z,Eastern African Time,38.971035,-3.72052333,496783.6680657837,9588764.532790868,37S
Romeo,2002-05-13T04:04:00Z,Eastern African Time,38.96925667,-3.721925,496586.2040982235,9588609.592888946,37S
Romeo,2002-05-13T11:04:00Z,Eastern African Time,38.96916,-3.72183,496575.4693157089,9588620.093314677,37S
Romeo,2002-05-13T18:03:00Z,Eastern African Time,38.96919333,-3.721495,496579.16904862464,9588657.122581318,37S
Romeo,2002-05-14T02:03:00Z,Eastern African Time,38.96916,-3.721815,496575.4692577781,9588621.75133576,37S
Romeo,2002-05-14T23:03:00Z,Eastern African Time,38.93092,-3.83525833,492330.22362915316,9576082.058534563,37S
Romeo,2002-05-15T06:03:00Z,Eastern African Time,38.915055,-3.84172,490568.84282695357,9575367.65856238,37S
Romeo,2002-05-15T13:03:00Z,Eastern African Time,38.914725,-3.84148167,490532.2013848784,9575393.998758296,37S
Romeo,2002-05-15T19:03:00Z,Eastern African Time,38.91866167,-3.84092667,490969.27118075057,9575455.388336135,37S
Romeo,2002-05-16T02:03:00Z,Eastern African Time,38.92052667,-3.834145,491176.2665775285,9576205.020535368,37S
Romeo,2002-05-16T10:04:00Z,Eastern African Time,38.90008333,-3.82810167,488906.4116214686,9576872.783435619,37S
Romeo,2002-05-16T17:03:00Z,Eastern African Time,38.90887833,-3.83243833,489882.9582194281,9576393.53880838,37S
Romeo,2002-05-17T00:03:00Z,Eastern African Time,38.90911,-3.83235333,489908.67906343774,9576402.937026285,37S
Romeo,2002-05-17T06:03:00Z,Eastern African Time,38.890945,-3.82019333,487891.6852890142,9577746.80971461,37S
Romeo,2002-05-17T13:03:00Z,Eastern African Time,38.88229333,-3.82937833,486931.23311388266,9576731.417092804,37S
Romeo,2002-05-17T20:03:00Z,Eastern African Time,38.89235167,-3.83599667,488048.0863594575,9576000.004233025,37S
Romeo,2002-05-18T03:03:00Z,Eastern African Time,38.95426167,-3.80822833,494921.6314876425,9579069.993602898,37S
Romeo,2002-05-18T10:03:00Z,Eastern African Time,38.94308667,-3.80175,493680.8134715459,9579786.00191243,37S
Romeo,2002-05-18T17:03:00Z,Eastern African Time,38.9431,-3.80166,493682.29287019407,9579795.950158095,37S
Romeo,2002-05-19T00:03:00Z,Eastern African Time,38.92769167,-3.801265,491971.4744125065,9579839.483587423,37S
Romeo,2002-05-19T15:03:00Z,Eastern African Time,38.88101,-3.834125,486788.8198287245,9576206.723125711,37S
Romeo,2002-05-19T21:03:00Z,Eastern African Time,38.89550833,-3.85198,488398.77849286207,9574233.326774765,37S
Romeo,2002-05-20T04:04:00Z,Eastern African Time,38.87370833,-3.83884,485978.2081531965,9575685.433231838,37S
Romeo,2002-05-20T11:03:00Z,Eastern African Time,38.944995,-3.81903333,493892.82063411595,9577875.602774505,37S
Romeo,2002-05-20T18:03:00Z,Eastern African Time,38.95025167,-3.80272833,494476.3623880267,9579677.91133442,37S
Romeo,2002-05-21T08:03:00Z,Eastern African Time,38.87623833,-3.83816167,486259.0961935089,9575760.453664424,37S
Romeo,2002-05-21T15:03:00Z,Eastern African Time,38.87411833,-3.83600333,486023.68321341404,9575998.992061889,37S
Romeo,2002-05-21T23:03:00Z,Eastern African Time,38.88404833,-3.83134833,487126.11741797946,9576513.689234482,37S
Romeo,2002-05-22T05:03:00Z,Eastern African Time,38.91051,-3.80834667,490063.8420265262,9579056.532136502,37S
Romeo,2002-05-22T19:03:00Z,Eastern African Time,38.93991333,-3.82267833,493328.6331543272,9577472.664826531,37S
Romeo,2002-05-23T02:03:00Z,Eastern African Time,38.87754167,-3.78003,486402.8901774658,9582186.070046997,37S
Romeo,2002-05-23T09:03:00Z,Eastern African Time,38.886715,-3.78176167,487421.473399029,9581994.79789477,37S
Romeo,2002-05-23T16:03:00Z,Eastern African Time,38.916965,-3.80158167,490780.4752889524,9579804.373417644,37S
Romeo,2002-05-23T23:03:00Z,Eastern African Time,38.924085,-3.80130167,491571.01940071426,9579835.395927805,37S
Romeo,2002-05-24T06:03:00Z,Eastern African Time,38.93635333,-3.81522667,492933.30858135625,9578296.30589327,37S
Romeo,2002-05-24T14:03:00Z,Eastern African Time,38.93388,-3.81707333,492658.71024560585,9578092.164571116,37S
Romeo,2002-05-25T03:03:00Z,Eastern African Time,38.93685667,-3.81544167,492989.1961999979,9578272.544976793,37S
Romeo,2002-05-25T17:03:00Z,Eastern African Time,38.936905,-3.81732,492994.57749977574,9578064.924106995,37S
Romeo,2002-05-26T00:03:00Z,Eastern African Time,38.94016167,-3.82124,493356.19505490176,9577631.652611235,37S
Romeo,2002-05-26T14:03:00Z,Eastern African Time,38.949785,-3.80407333,494424.555892288,9579529.238798926,37S
Romeo,2002-05-26T21:02:00Z,Eastern African Time,38.94966833,-3.80373333,494411.5996598458,9579566.819935909,37S
Romeo,2002-05-27T04:03:00Z,Eastern African Time,38.895865,-3.79732833,488437.6455773449,9580274.26307855,37S
Romeo,2002-05-27T11:03:00Z,Eastern African Time,38.88155167,-3.78361333,486848.19351397787,9581790.04797991,37S
Romeo,2002-05-27T18:03:00Z,Eastern African Time,38.88719333,-3.78675833,487474.65629812697,9581442.498519704,37S
Romeo,2002-05-28T02:03:00Z,Eastern African Time,38.87726,-3.820245,486372.24613684556,9577740.893584687,37S
Romeo,2002-05-28T16:02:00Z,Eastern African Time,38.87444667,-3.844835,486060.281292558,9575022.7862077225,37S
Romeo,2002-05-28T22:03:00Z,Eastern African Time,38.91266167,-3.84725833,490303.18182553217,9574755.451580709,37S
Romeo,2002-05-29T05:03:00Z,Eastern African Time,38.93294667,-3.85980333,492555.45279519324,9573368.991912073,37S
Romeo,2002-05-29T12:03:00Z,Eastern African Time,38.93103,-3.85968333,492342.6547262568,9573382.239127131,37S
Romeo,2002-05-29T19:03:00Z,Eastern African Time,38.93832333,-3.82141667,493152.0868655908,9577612.109961243,37S
Romeo,2002-05-30T02:03:00Z,Eastern African Time,38.89427333,-3.85251333,488261.6693719007,9574174.358114958,37S
Romeo,2002-05-30T16:03:00Z,Eastern African Time,38.880565,-3.83522667,486739.42942916526,9576084.94288275,37S
Romeo,2002-05-30T23:03:00Z,Eastern African Time,38.89066667,-3.79966167,487860.49467081454,9580016.275857251,37S
Romeo,2002-05-31T06:03:00Z,Eastern African Time,38.93807333,-3.82342333,493124.34552919545,9577390.301715957,37S
Romeo,2002-05-31T13:03:00Z,Eastern African Time,38.93756333,-3.82357333,493067.7219363479,9577373.717361065,37S
Romeo,2002-05-31T20:03:00Z,Eastern African Time,38.96420333,-3.80954,496025.46924887283,9578925.06036916,37S
Romeo,2002-06-01T03:03:00Z,Eastern African Time,38.97156167,-3.79057167,496842.40228829085,9581021.75391964,37S
Romeo,2002-06-01T10:03:00Z,Eastern African Time,38.97237167,-3.786425,496932.32455328247,9581480.108601596,37S
Romeo,2002-06-01T17:03:00Z,Eastern African Time,38.97061,-3.78767167,496736.72448348167,9581342.301627237,37S
Romeo,2002-06-02T00:03:00Z,Eastern African Time,38.93057,-3.76852667,492290.7713293572,9583458.23990895,37S
Romeo,2002-06-02T07:04:00Z,Eastern African Time,38.93317833,-3.823805,492580.86175849783,9577348.073082851,37S
Romeo,2002-06-02T14:03:00Z,Eastern African Time,38.93290333,-3.82346167,492550.3258263865,9577386.020704547,37S
Romeo,2002-06-02T21:03:00Z,Eastern African Time,38.91010167,-3.80803167,490018.50110121316,9579091.345972043,37S
Romeo,2002-06-03T04:03:00Z,Eastern African Time,38.95005167,-3.785005,494454.0430568548,9581636.957402868,37S
Romeo,2002-06-03T19:04:00Z,Eastern African Time,38.95159333,-3.78455,494625.2167867961,9581687.260490974,37S
Romeo,2002-06-04T08:04:00Z,Eastern African Time,38.95338833,-3.78574333,494824.52983484836,9581555.366763366,37S
Romeo,2002-06-04T22:04:00Z,Eastern African Time,38.93842833,-3.82243833,493163.75302828924,9577499.18156669,37S
Romeo,2002-06-05T05:03:00Z,Eastern African Time,38.934895,-3.85902167,492771.75820280716,9573455.409607468,37S
Romeo,2002-06-05T12:03:00Z,Eastern African Time,38.93454,-3.85871667,492732.3419412028,9573489.119804377,37S
Romeo,2002-06-05T20:04:00Z,Eastern African Time,38.93485,-3.85882,492766.76039800025,9573477.700847877,37S
Romeo,2002-06-06T03:03:00Z,Eastern African Time,38.93488,-3.85842667,492770.08780610445,9573521.177890802,37S
Romeo,2002-06-06T16:04:00Z,Eastern African Time,38.93483667,-3.858935,492765.2814150705,9573464.989192992,37S
Romeo,2002-06-06T23:03:00Z,Eastern African Time,38.93132833,-3.85345333,492375.7211056013,9574070.875767352,37S
Romeo,2002-06-07T07:03:00Z,Eastern African Time,38.91988333,-3.850105,491105.00332643156,9574440.87308813,37S
Romeo,2002-06-07T14:03:00Z,Eastern African Time,38.91826833,-3.85027,490925.69870366494,9574422.61778134,37S
Romeo,2002-06-07T20:03:00Z,Eastern African Time,38.88732167,-3.85243667,487489.8574574268,9574182.732912654,37S
Romeo,2002-06-08T03:03:00Z,Eastern African Time,38.892175,-3.78743,488027.7995225409,9581368.325755699,37S
Romeo,2002-06-08T17:03:00Z,Eastern African Time,38.89681833,-3.77627333,488543.2193662218,9582601.591582848,37S
Romeo,2002-06-09T00:03:00Z,Eastern African Time,38.92145333,-3.73341333,491278.1441824423,9587339.403521283,37S
Romeo,2002-06-09T08:03:00Z,Eastern African Time,38.95541333,-3.80047,495049.4570962228,9579927.56703804,37S
Romeo,2002-06-09T14:03:00Z,Eastern African Time,38.95571667,-3.80029,495083.1365017363,9579947.465061279,37S
Romeo,2002-06-09T21:03:00Z,Eastern African Time,38.95545,-3.80018167,495053.5269945371,9579959.43779165,37S
Romeo,2002-06-10T04:03:00Z,Eastern African Time,38.95556667,-3.80030167,495066.4817755472,9579946.174263744,37S
Romeo,2002-06-10T11:03:00Z,Eastern African Time,38.95562833,-3.80031,495073.3280527537,9579945.253859222,37S
Romeo,2002-06-10T18:03:00Z,Eastern African Time,38.95564,-3.80034667,495074.6240035781,9579941.200608917,37S
Romeo,2002-06-11T01:03:00Z,Eastern African Time,38.95555833,-3.80031667,495065.55585433426,9579944.516191816,37S
Romeo,2002-06-11T08:03:00Z,Eastern African Time,38.955625,-3.79993667,495072.95619817835,9579986.519854844,37S
Romeo,2002-06-11T15:03:00Z,Eastern African Time,38.95602333,-3.800315,495117.1856999808,9579944.703425588,37S
Romeo,2002-06-11T22:03:00Z,Eastern African Time,38.95556167,-3.80014333,495065.92571611254,9579963.676339975,37S
Romeo,2002-06-12T05:03:00Z,Eastern African Time,38.95511,-3.80021667,495015.77632755064,9579955.567115352,37S
Romeo,2002-06-12T12:03:00Z,Eastern African Time,38.95549,-3.80009833,495057.96779880644,9579968.650003558,37S
Romeo,2002-06-12T19:03:00Z,Eastern African Time,38.95542333,-3.79999833,495050.5647271066,9579979.703117618,37S
Romeo,2002-06-13T02:03:00Z,Eastern African Time,38.93149167,-3.808465,492393.45868701616,9579043.665870413,37S
Romeo,2002-06-13T09:03:00Z,Eastern African Time,38.92937167,-3.79699833,492157.9694477566,9580311.115393111,37S
Romeo,2002-06-13T23:03:00Z,Eastern African Time,38.92781167,-3.79920833,491984.77925452276,9580066.818738958,37S
Romeo,2002-06-14T07:03:00Z,Eastern African Time,38.92663333,-3.83250833,491854.25930472056,9576385.99048339,37S
Romeo,2002-06-14T21:03:00Z,Eastern African Time,38.88758167,-3.85036833,487518.6939353037,9574411.36123462,37S
Romeo,2002-06-15T03:03:00Z,Eastern African Time,38.90048333,-3.81198167,488950.61683993955,9578654.615037631,37S
Romeo,2002-06-15T11:03:00Z,Eastern African Time,38.89214,-3.80587833,488024.16752976994,9579329.137121776,37S
Romeo,2002-06-15T17:03:00Z,Eastern African Time,38.89089833,-3.800295,487886.225224345,9579946.273898171,37S
Romeo,2002-06-16T00:03:00Z,Eastern African Time,38.87080333,-3.78967333,485654.85882095975,9581120.034670811,37S
Romeo,2002-06-16T08:03:00Z,Eastern African Time,38.88881333,-3.84639833,487655.38267248095,9574850.204109697,37S
Romeo,2002-06-16T14:03:00Z,Eastern African Time,38.88869,-3.84665833,487641.69355742284,9574821.4631614,37S
Romeo,2002-06-16T22:03:00Z,Eastern African Time,38.91068,-3.83760667,490083.0534690505,9575822.276648533,37S
Romeo,2002-06-17T04:03:00Z,Eastern African Time,38.89184,-3.81185167,487990.9409073252,9578668.868977828,37S
Romeo,2002-06-17T12:03:00Z,Eastern African Time,38.89557167,-3.800535,488405.1192230449,9579919.809558235,37S
Romeo,2002-06-17T18:03:00Z,Eastern African Time,38.89291167,-3.7859950000000002,488109.5751782758,9581526.953728504,37S
Romeo,2002-06-18T01:03:00Z,Eastern African Time,38.941925,-3.7918166699999998,493551.75748216605,9580883.973660622,37S
Romeo,2002-06-18T09:03:00Z,Eastern African Time,38.96446833,-3.82470167,496054.9615868529,9577249.166598966,37S
Romeo,2002-06-18T15:03:00Z,Eastern African Time,38.96574,-3.82538,496196.15657928755,9577174.193124885,37S
Romeo,2002-06-18T23:03:00Z,Eastern African Time,38.99106833,-3.81580667,499008.31731309544,9578232.451637575,37S
Romeo,2002-06-19T05:03:00Z,Eastern African Time,38.97199833,-3.82497,496891.0094361381,9577219.537662368,37S
Romeo,2002-06-19T19:03:00Z,Eastern African Time,38.969978330000004,-3.85418667,496666.84464356326,9573990.064349283,37S
Romeo,2002-06-20T02:03:00Z,Eastern African Time,38.94657667,-3.872565,494068.8028115905,9571958.486026881,37S
Romeo,2002-06-20T10:03:00Z,Eastern African Time,38.92484833,-3.87257333,491656.46483440604,9571957.382463815,37S
Romeo,2002-06-20T16:03:00Z,Eastern African Time,38.92398833,-3.87474,491561.00679159793,9571717.880636517,37S
Romeo,2002-06-20T23:03:00Z,Eastern African Time,38.92265,-3.87676667,491412.4426206823,9571493.848789092,37S
Romeo,2002-06-21T07:03:00Z,Eastern African Time,38.92287167,-3.87675,491437.05273084494,9571495.693654299,37S
Romeo,2002-06-21T20:03:00Z,Eastern African Time,38.92261833,-3.87687,491408.9275924364,9571482.426863754,37S
Romeo,2002-06-22T03:04:00Z,Eastern African Time,38.92270167,-3.87681667,491418.17963881296,9571488.322551506,37S
Romeo,2002-06-22T11:03:00Z,Eastern African Time,38.92256667,-3.87711,491403.19461347914,9571455.897886774,37S
Romeo,2002-06-22T18:03:00Z,Eastern African Time,38.92264833,-3.87715333,491412.2611150536,9571451.109223671,37S
Romeo,2002-06-23T01:03:00Z,Eastern African Time,38.92227833,-3.87771667,491371.18865338445,9571388.836552262,37S
Romeo,2002-06-23T07:03:00Z,Eastern African Time,38.92339,-3.87445833,491494.5759445846,9571749.009111237,37S
Romeo,2002-06-23T15:03:00Z,Eastern African Time,38.92302,-3.87746167,491453.52779160225,9571417.030551445,37S
Romeo,2002-06-23T21:03:00Z,Eastern African Time,38.92260667,-3.87726333,491407.63704532466,9571438.949926963,37S
Romeo,2002-06-24T04:04:00Z,Eastern African Time,38.88954167,-3.836955,487736.11266316415,9575894.03528867,37S
Romeo,2002-06-24T12:03:00Z,Eastern African Time,38.89007333,-3.83747833,487795.14892363636,9575836.196488837,37S
Romeo,2002-06-24T18:03:00Z,Eastern African Time,38.88600667,-3.84998667,487343.8228414804,9574453.52492451,37S
Romeo,2002-06-25T01:03:00Z,Eastern African Time,38.88739833,-3.85067167,487498.3429113358,9574377.828783374,37S
Romeo,2002-06-25T08:03:00Z,Eastern African Time,38.87436333,-3.84044167,486050.9569853179,9575508.402880471,37S
Romeo,2002-06-25T15:03:00Z,Eastern African Time,38.87395833,-3.84015667,486005.9863996047,9575539.898823936,37S
Romeo,2002-06-25T22:03:00Z,Eastern African Time,38.87378167,-3.84007167,485986.3709728575,9575549.29143199,37S
Romeo,2002-06-26T19:03:00Z,Eastern African Time,38.884605,-3.82870667,487187.884178605,9576805.694047075,37S
Romeo,2002-06-27T02:03:00Z,Eastern African Time,38.88885667,-3.84834833,487660.22260283644,9574634.660996877,37S
Romeo,2002-06-27T09:03:00Z,Eastern African Time,38.89556167,-3.82038833,488404.27473372815,9577725.318985945,37S
Romeo,2002-06-27T16:03:00Z,Eastern African Time,38.89574333,-3.82064,488424.4477298257,9577697.503050597,37S
Romeo,2002-06-27T23:03:00Z,Eastern African Time,38.89971,-3.81163,488864.74903205613,9578693.476970011,37S
Romeo,2002-06-28T06:03:00Z,Eastern African Time,38.92122,-3.79648167,491252.8645054401,9580368.146266906,37S
Romeo,2002-06-28T20:03:00Z,Eastern African Time,38.96068333,-3.77404,495634.46291813423,9582849.033228379,37S
Romeo,2002-06-29T03:03:00Z,Eastern African Time,38.870925,-3.77894,485668.1918716294,9582306.447042845,37S
Romeo,2002-06-29T11:03:00Z,Eastern African Time,38.88593833,-3.80472,487335.57045248355,9579457.084791346,37S
Romeo,2002-06-29T17:03:00Z,Eastern African Time,38.87933833,-3.83214833,486603.1872035527,9576425.188884819,37S
Romeo,2002-06-30T00:03:00Z,Eastern African Time,38.88822,-3.84847667,487589.537573526,9574620.465672862,37S
Romeo,2002-06-30T07:03:00Z,Eastern African Time,38.88459,-3.84705167,487186.49214189156,9574777.924799854,37S
Romeo,2002-06-30T14:03:00Z,Eastern African Time,38.88427667,-3.84796333,487151.7179830315,9574677.14950908,37S
Romeo,2002-06-30T21:03:00Z,Eastern African Time,38.88095,-3.833985,486782.15601006616,9576222.197134942,37S
Romeo,2002-07-01T04:03:00Z,Eastern African Time,38.8722,-3.835835,485810.69286049815,9576017.566922445,37S
Romeo,2002-07-01T11:03:00Z,Eastern African Time,38.86703,-3.84677333,485236.8679563387,9574808.407679714,37S
Romeo,2002-07-02T01:03:00Z,Eastern African Time,38.89281667,-3.757215,488098.6354959231,9584708.150928406,37S
Romeo,2002-07-02T08:03:00Z,Eastern African Time,38.92025167,-3.74747333,491144.85237279546,9585785.27115316,37S
Romeo,2002-07-02T15:03:00Z,Eastern African Time,38.92024333,-3.74756167,491143.92719818995,9585775.506416325,37S
Romeo,2002-07-02T22:03:00Z,Eastern African Time,38.941895,-3.72198167,493547.9135593184,9588603.175962497,37S
Romeo,2002-07-03T19:04:00Z,Eastern African Time,38.88086833,-3.83146833,486773.04970448615,9576500.376606742,37S
Romeo,2002-07-04T09:04:00Z,Eastern African Time,39.020955,-3.75723833,502326.78856801224,9584706.273733066,37S
Romeo,2002-07-04T16:03:00Z,Eastern African Time,39.011895,-3.76971667,501320.77097308444,9583327.001434742,37S
Romeo,2002-07-05T00:04:00Z,Eastern African Time,38.92464333,-3.80899,491633.0860079872,9578985.57156759,37S
Romeo,2002-07-05T07:03:00Z,Eastern African Time,38.88640833,-3.794245,487387.6031781502,9580614.947227154,37S
Romeo,2002-07-05T13:03:00Z,Eastern African Time,38.89003333,-3.791985,487790.0657226382,9580864.808530146,37S
Romeo,2002-07-05T20:03:00Z,Eastern African Time,38.92913667,-3.82233667,492132.10698424745,9577510.339077823,37S
Romeo,2002-07-06T04:03:00Z,Eastern African Time,38.97344667,-3.80400833,497051.7453996312,9579536.540339395,37S
Romeo,2002-07-06T10:03:00Z,Eastern African Time,38.975095,-3.805835,497234.7676973893,9579334.63492526,37S
Romeo,2002-07-06T17:03:00Z,Eastern African Time,38.97505833,-3.79486,497230.66118093184,9580547.75569244,37S
Romeo,2002-07-07T00:03:00Z,Eastern African Time,38.942,-3.75236833,493559.79457272013,9585244.392793067,37S
Romeo,2002-07-07T07:03:00Z,Eastern African Time,38.96524333,-3.80891333,496140.9384410027,9578994.334039364,37S
Romeo,2002-07-07T15:03:00Z,Eastern African Time,38.96470167,-3.80917333,496080.79865587805,9578965.592505984,37S
Romeo,2002-07-07T21:03:00Z,Eastern African Time,38.98976333,-3.798685,498863.4008024108,9580124.99281741,37S
Romeo,2002-07-08T04:03:00Z,Eastern African Time,38.96083833,-3.75195,495651.5638579046,9585290.748898888,37S
Romeo,2002-07-08T11:03:00Z,Eastern African Time,38.95693833,-3.79033,495218.7250235458,9581048.399919849,37S
Romeo,2002-07-08T18:03:00Z,Eastern African Time,38.95494,-3.81352333,494996.97769466497,9578484.714830356,37S
Romeo,2002-07-09T02:04:00Z,Eastern African Time,38.95465833,-3.855985,494965.95220871875,9573791.210575033,37S
Romeo,2002-07-09T15:03:00Z,Eastern African Time,38.90908833,-3.83854333,489906.34570821363,9575718.724184733,37S
Romeo,2002-07-09T22:03:00Z,Eastern African Time,38.90902833,-3.83859833,489899.6847259909,9575712.64404311,37S
Romeo,2002-07-10T05:03:00Z,Eastern African Time,38.89931667,-3.859145,488821.6946987308,9573441.392675612,37S
Romeo,2002-07-10T19:03:00Z,Eastern African Time,38.89440167,-3.84233167,488275.7791899648,9575299.792018142,37S
Romeo,2002-07-11T02:03:00Z,Eastern African Time,38.88972667,-3.838,487756.6676129519,9575778.528629335,37S
Romeo,2002-07-11T09:03:00Z,Eastern African Time,38.94142667,-3.832885,493496.7349352125,9576344.481644636,37S
Romeo,2002-07-11T16:03:00Z,Eastern African Time,38.941655,-3.82165333,493522.00152452686,9577585.976561954,37S
Romeo,2002-07-11T23:03:00Z,Eastern African Time,38.94113333,-3.84717667,493464.27474036085,9574764.748490602,37S
Romeo,2002-07-12T06:03:00Z,Eastern African Time,38.88781,-3.82275,487543.64446209907,9577464.162940698,37S
Romeo,2002-07-12T13:03:00Z,Eastern African Time,38.88411,-3.83400833,487133.00427664426,9576219.666445978,37S
Romeo,2002-07-12T20:03:00Z,Eastern African Time,38.88833,-3.79649667,487601.00388667005,9580366.086371705,37S
Romeo,2002-07-13T03:03:00Z,Eastern African Time,38.88702,-3.81747667,487455.85477763676,9578047.03996904,37S
Romeo,2002-07-13T11:03:00Z,Eastern African Time,38.871965,-3.819665,485784.3347342414,9577804.918308094,37S
Romeo,2002-07-13T18:03:00Z,Eastern African Time,38.88111333,-3.83146167,486800.2514998399,9576501.116546955,37S
Romeo,2002-07-14T00:03:00Z,Eastern African Time,38.87338833,-3.83385833,485942.5980249257,9576236.078290626,37S
Romeo,2002-07-14T15:03:00Z,Eastern African Time,38.87359167,-3.83417,485965.17951541353,9576201.631093888,37S
Romeo,2002-07-14T22:03:00Z,Eastern African Time,38.87359333,-3.83437,485965.3670831002,9576179.524065517,37S
Romeo,2002-07-15T04:03:00Z,Eastern African Time,38.90614833,-3.83799,489579.91919578746,9575779.851375315,37S
Romeo,2002-07-15T11:03:00Z,Eastern African Time,38.906165,-3.8373,489581.76165949705,9575856.120842787,37S
Romeo,2002-07-15T18:03:00Z,Eastern African Time,38.88171333,-3.836435,486866.9442769354,9575951.397517234,37S
Romeo,2002-07-16T01:03:00Z,Eastern African Time,38.88143833,-3.83191667,486836.34260409337,9576450.828009613,37S
Romeo,2002-07-16T08:03:00Z,Eastern African Time,38.87774333,-3.82839667,486426.0383142257,9576839.854471555,37S
Romeo,2002-07-16T15:03:00Z,Eastern African Time,38.87679333,-3.82834,486320.5602792874,9576846.103418471,37S
Romeo,2002-07-16T22:03:00Z,Eastern African Time,38.879455,-3.81271667,486615.83959467127,9578573.073577683,37S
Romeo,2002-07-17T12:03:00Z,Eastern African Time,38.83577333,-3.76533,481764.8423798782,9583810.174102632,37S
Romeo,2002-07-17T20:03:00Z,Eastern African Time,38.87393833,-3.72203,486001.87138336094,9588597.046535375,37S
Romeo,2002-07-18T02:03:00Z,Eastern African Time,38.92480333,-3.73928167,491650.18530890293,9586690.779910445,37S
Romeo,2002-07-18T09:03:00Z,Eastern African Time,38.92089333,-3.72775,491215.9052684468,9587965.393283518,37S
Romeo,2002-07-18T16:03:00Z,Eastern African Time,38.93012833,-3.72266833,492241.3262224456,9588527.181407366,37S
Romeo,2002-07-19T00:03:00Z,Eastern African Time,38.95456833,-3.71228833,494955.12876893027,9589674.709376331,37S
Romeo,2002-07-19T06:03:00Z,Eastern African Time,38.95444,-3.71156167,494940.87447636185,9589755.029812805,37S
Romeo,2002-07-19T20:03:00Z,Eastern African Time,38.95430833,-3.71160333,494926.25366055977,9589750.424182158,37S
Romeo,2002-07-20T03:03:00Z,Eastern African Time,38.95432667,-3.71184667,494928.2915801494,9589723.526765414,37S
Romeo,2002-07-20T10:03:00Z,Eastern African Time,38.95433333,-3.71189167,494929.03138404776,9589718.552740589,37S
Romeo,2002-07-20T17:03:00Z,Eastern African Time,38.95445833,-3.711785,494942.91116778285,9589730.344195776,37S
Romeo,2002-07-21T00:03:00Z,Eastern African Time,38.95350833,-3.71172833,494837.41985800315,9589736.60271431,37S
Romeo,2002-07-21T07:03:00Z,Eastern African Time,38.95373667,-3.71180333,494862.7758831299,9589728.313937925,37S
Romeo,2002-07-21T22:03:00Z,Eastern African Time,38.95354833,-3.71190167,494841.86258944514,9589717.442856716,37S
Romeo,2002-07-22T04:03:00Z,Eastern African Time,38.95363167,-3.711785,494851.1162477232,9589730.339429434,37S
Romeo,2002-07-22T11:03:00Z,Eastern African Time,38.95382,-3.71186833,494872.02948251466,9589721.129663482,37S
Romeo,2002-07-22T18:03:00Z,Eastern African Time,38.953865,-3.71154167,494877.0245411189,9589757.237200093,37S
Romeo,2002-07-23T01:03:00Z,Eastern African Time,38.95381333,-3.71178333,494871.2883345428,9589730.525077201,37S
Romeo,2002-07-23T15:03:00Z,Eastern African Time,38.95350667,-3.71190167,494837.23653291,9589717.442613801,37S
Romeo,2002-07-23T22:03:00Z,Eastern African Time,38.953505,-3.71197667,494837.0515264228,9589709.152498972,37S
Romeo,2002-07-24T06:03:00Z,Eastern African Time,38.95365667,-3.71180333,494853.8924322686,9589728.313473163,37S
Romeo,2002-07-24T19:03:00Z,Eastern African Time,38.95306,-3.71186167,494787.6366661496,9589721.861385034,37S
Romeo,2002-07-25T02:03:00Z,Eastern African Time,38.95328667,-3.71205167,494812.8079207981,9589700.86111715,37S
Romeo,2002-07-25T09:03:00Z,Eastern African Time,38.923395,-3.70737,491493.498437467,9590218.117271041,37S
Romeo,2002-07-25T16:03:00Z,Eastern African Time,38.92384667,-3.70760667,491543.6558170184,9590191.961326817,37S
Romeo,2002-07-25T23:03:00Z,Eastern African Time,38.92274667,-3.70877,491421.51893528213,9590063.36231644,37S
Romeo,2002-07-26T21:03:00Z,Eastern African Time,38.88112333,-3.83386333,486801.39859773964,9576235.648630086,37S
Romeo,2002-07-27T03:03:00Z,Eastern African Time,38.91654,-3.83087,490733.60060852324,9576566.980975065,37S
Romeo,2002-07-27T17:03:00Z,Eastern African Time,38.93847833,-3.82198667,493169.3009118644,9577549.10622124,37S
Romeo,2002-07-28T00:03:00Z,Eastern African Time,38.94201167,-3.81712667,493561.5685893371,9578086.333729088,37S
Romeo,2002-07-28T07:03:00Z,Eastern African Time,38.92334333,-3.74738833,491488.1455405316,9585794.697243106,37S
Romeo,2002-07-28T14:03:00Z,Eastern African Time,38.92298,-3.74727667,491447.8007530773,9585807.036032448,37S
Romeo,2002-07-28T21:03:00Z,Eastern African Time,38.92771667,-3.702415,491973.34821683686,9590765.857365886,37S
Romeo,2002-07-29T04:03:00Z,Eastern African Time,38.8723,-3.78536167,485820.96923897247,9581596.649336282,37S
Romeo,2002-07-29T11:03:00Z,Eastern African Time,38.87999167,-3.828355,486675.6676163568,9576844.495712455,37S
Romeo,2002-07-29T18:03:00Z,Eastern African Time,38.88097667,-3.83416667,486785.1199116299,9576202.116608,37S
Romeo,2002-07-30T01:03:00Z,Eastern African Time,38.88005333,-3.82139167,486682.406150293,9577614.189930592,37S
Romeo,2002-07-30T23:03:00Z,Eastern African Time,38.88086,-3.832775,486772.14491217514,9576355.943393204,37S
Romeo,2002-07-31T05:03:00Z,Eastern African Time,38.88875833,-3.84805167,487649.300038934,9574667.450963018,37S
Romeo,2002-07-31T19:03:00Z,Eastern African Time,38.88596833,-3.84989333,487339.5647358834,9574463.841717718,37S
Romeo,2002-08-01T02:03:00Z,Eastern African Time,38.84169667,-3.86800167,482424.6383146342,9572461.443071155,37S
Romeo,2002-08-01T10:03:00Z,Eastern African Time,38.85137667,-3.86964667,483499.3783852626,9572279.806404267,37S
Romeo,2002-08-01T23:03:00Z,Eastern African Time,38.88120833,-3.83353,486810.8308568912,9576272.494652048,37S
Romeo,2002-08-02T14:03:00Z,Eastern African Time,38.88247167,-3.85451167,486951.41575570015,9573953.299503349,37S
Romeo,2002-08-02T20:03:00Z,Eastern African Time,38.886975,-3.85266833,487451.37166964164,9574157.121218266,37S
Romeo,2002-08-03T03:03:00Z,Eastern African Time,38.86368667,-3.86177667,484865.9358034117,9573149.949370544,37S
Romeo,2002-08-03T18:03:00Z,Eastern African Time,38.88106333,-3.83391833,486794.7377709509,9576229.56826716,37S
Romeo,2002-08-04T00:03:00Z,Eastern African Time,38.88110167,-3.83384167,486798.9934024496,9576238.042489858,37S
Romeo,2002-08-04T07:03:00Z,Eastern African Time,38.87911,-3.81575333,486577.581159379,9578237.41038075,37S
Romeo,2002-08-04T14:03:00Z,Eastern African Time,38.87921,-3.81573167,486588.68384167546,9578239.806131683,37S
Romeo,2002-08-04T21:03:00Z,Eastern African Time,38.89264833,-3.837425,488081.0435786567,9575842.127611883,37S
Romeo,2002-08-05T04:03:00Z,Eastern African Time,38.90285333,-3.839995,489214.1096441554,9575558.18752424,37S
Romeo,2002-08-05T18:03:00Z,Eastern African Time,38.88094833,-3.83382833,486781.96818759706,9576239.514666256,37S
Romeo,2002-08-06T01:03:00Z,Eastern African Time,38.904375,-3.855875,489383.2526516817,9573802.907607527,37S
Romeo,2002-08-06T09:03:00Z,Eastern African Time,38.90472833,-3.85460333,489422.46536842047,9573943.476320527,37S
Romeo,2002-08-06T15:02:00Z,Eastern African Time,38.90487,-3.85490667,489438.19803342706,9573909.94832546,37S
Romeo,2002-08-06T22:03:00Z,Eastern African Time,38.903585,-3.85221,489295.4971495472,9574208.009292426,37S
Romeo,2002-08-07T05:03:00Z,Eastern African Time,38.93912,-3.84000833,493240.6864377898,9575557.085966466,37S
Romeo,2002-08-07T19:03:00Z,Eastern African Time,38.94999333,-3.83292667,494447.87245399546,9576339.935894012,37S
Romeo,2002-08-08T02:03:00Z,Eastern African Time,38.94431833,-3.82419167,493817.72718965146,9577305.420680378,37S
Romeo,2002-08-08T09:03:00Z,Eastern African Time,38.93958667,-3.82602167,493292.3903760929,9577103.106046166,37S
Romeo,2002-08-08T17:03:00Z,Eastern African Time,38.93986167,-3.82608167,493322.9237266965,9577096.476086568,37S
Romeo,2002-08-09T00:04:00Z,Eastern African Time,38.93971,-3.8261333300000002,493306.0844094349,9577090.764664998,37S
Romeo,2002-08-09T06:03:00Z,Eastern African Time,38.88289167,-3.83076167,486997.6867325673,9576578.518380783,37S
Romeo,2002-08-09T14:03:00Z,Eastern African Time,38.88405833,-3.82670667,487127.1583674858,9577026.756301608,37S
Romeo,2002-08-09T20:03:00Z,Eastern African Time,38.880985,-3.83387333,486786.04026964906,9576234.54114573,37S
Romeo,2002-08-10T03:03:00Z,Eastern African Time,38.89971333,-3.82499667,488865.2909794874,9577215.990310742,37S
Romeo,2002-08-10T11:03:00Z,Eastern African Time,38.899045,-3.82547667,488791.0932593659,9577162.924742065,37S
Romeo,2002-08-10T17:03:00Z,Eastern African Time,38.89886333,-3.82592667,488770.9285049695,9577113.181547156,37S
Romeo,2002-08-11T00:03:00Z,Eastern African Time,38.89795,-3.82587167,488669.5218469004,9577119.248983415,37S
Romeo,2002-08-11T07:03:00Z,Eastern African Time,38.88941833,-3.81247333,487722.07015958574,9578600.119569944,37S
Romeo,2002-08-11T14:03:00Z,Eastern African Time,38.88886,-3.81270833,487660.08181526774,9578574.13583169,37S
Romeo,2002-08-11T22:03:00Z,Eastern African Time,38.885105,-3.79112333,487242.8448872315,9580959.982314363,37S
Romeo,2002-08-12T04:03:00Z,Eastern African Time,38.85471,-3.796255,483868.08064283355,9580392.245180795,37S
Romeo,2002-08-12T11:03:00Z,Eastern African Time,38.85474833,-3.79680167,483872.3466727424,9580331.819580944,37S
Romeo,2002-08-12T18:03:00Z,Eastern African Time,38.84291333,-3.82203333,482558.7821151116,9577542.599379037,37S
Romeo,2002-08-13T01:03:00Z,Eastern African Time,38.87321167,-3.84656167,485923.19194569817,9574831.907958783,37S
Romeo,2002-08-13T08:03:00Z,Eastern African Time,38.89014333,-3.81703667,487802.6316610131,9578095.720340855,37S
Romeo,2002-08-13T23:03:00Z,Eastern African Time,38.86974,-3.777835,485536.5971893971,9582428.56875933,37S
Romeo,2002-08-14T06:03:00Z,Eastern African Time,38.84566167,-3.771845,482862.9394589216,9583090.237454949,37S
Romeo,2002-08-14T13:04:00Z,Eastern African Time,38.83339833,-3.76277333,481501.07596746885,9584092.726379972,37S
Romeo,2002-08-14T19:03:00Z,Eastern African Time,38.86217833,-3.751005,484696.51817481674,9585394.097405296,37S
Romeo,2002-08-15T02:03:00Z,Eastern African Time,38.89348833,-3.79973333,488173.7907461367,9580008.394017557,37S
Romeo,2002-08-15T09:03:00Z,Eastern African Time,38.88639667,-3.78239,487386.13687091507,9581925.340764422,37S
Romeo,2002-08-15T17:03:00Z,Eastern African Time,38.864205,-3.74640333,484921.47774073,9585902.77861433,37S
Romeo,2002-08-15T23:03:00Z,Eastern African Time,38.82451167,-3.76178,480514.3041981747,9584202.33113508,37S
Romeo,2002-08-16T06:03:00Z,Eastern African Time,38.88650833,-3.84194667,487399.4019393933,9575342.235807117,37S
Romeo,2002-08-16T13:03:00Z,Eastern African Time,38.88706167,-3.84421167,487460.8705728841,9575091.881607931,37S
Romeo,2002-08-16T20:03:00Z,Eastern African Time,38.90151833,-3.839085,489065.87705552235,9575658.757597255,37S
Romeo,2002-08-17T11:03:00Z,Eastern African Time,38.89871,-3.74159333,488752.81695986097,9586434.96968453,37S
Romeo,2002-08-17T17:03:00Z,Eastern African Time,38.90606,-3.71617167,489568.6578419811,9589245.040788043,37S
Romeo,2002-08-18T08:04:00Z,Eastern African Time,38.9308,-3.70765,492315.77976957837,9590187.235187924,37S
Romeo,2002-08-18T15:03:00Z,Eastern African Time,38.93853833,-3.7079,493175.0744052878,9590159.664859336,37S
Romeo,2002-08-18T22:03:00Z,Eastern African Time,38.91803833,-3.75947667,490899.21015028306,9584458.46031119,37S
Romeo,2002-08-19T04:03:00Z,Eastern African Time,38.83529167,-3.76430667,481711.3390326657,9583923.278096499,37S
Romeo,2002-08-19T11:03:00Z,Eastern African Time,38.87215833,-3.77375833,485805.0503967762,9582879.223873276,37S
Romeo,2002-08-19T18:03:00Z,Eastern African Time,38.86994667,-3.78032167,485559.58592763287,9582153.707747776,37S
Romeo,2002-08-20T01:03:00Z,Eastern African Time,38.86950167,-3.78021333,485510.17366571794,9582165.67571951,37S
Romeo,2002-08-20T08:03:00Z,Eastern African Time,38.92983167,-3.81551,492209.21071034094,9578264.931735784,37S
Romeo,2002-08-20T22:03:00Z,Eastern African Time,38.92966333,-3.81554667,492190.5202428365,9578260.876890691,37S
Romeo,2002-08-21T12:03:00Z,Eastern African Time,38.929555,-3.815495,492178.4918907128,9578266.587253114,37S
Romeo,2002-08-21T19:03:00Z,Eastern African Time,38.92964667,-3.81562667,492188.67120483116,9578252.033936016,37S
Romeo,2002-08-22T02:03:00Z,Eastern African Time,38.91714833,-3.80893167,490800.90872779756,9578991.94275384,37S
Romeo,2002-08-22T09:03:00Z,Eastern African Time,38.92685333,-3.81529333,491878.5234265459,9578288.85384428,37S
Romeo,2002-08-22T23:03:00Z,Eastern African Time,38.87630333,-3.80187333,486265.73603633174,9579771.594704809,37S
Romeo,2002-08-23T20:03:00Z,Eastern African Time,38.86871167,-3.77769333,485422.4141336078,9582444.211103486,37S
Romeo,2002-08-24T04:03:00Z,Eastern African Time,38.87250333,-3.77881667,485843.4396125513,9582320.105202785,37S
Romeo,2002-08-24T10:03:00Z,Eastern African Time,38.87242,-3.778665,485834.1846116987,9582336.868710155,37S
Romeo,2002-08-24T17:03:00Z,Eastern African Time,38.86955667,-3.78027833,485516.2816561993,9582158.491851168,37S
Romeo,2002-08-25T07:03:00Z,Eastern African Time,38.93055833,-3.79657167,492289.72339464154,9580358.286918838,37S
Romeo,2002-08-25T14:03:00Z,Eastern African Time,38.92268833,-3.79425333,491415.8748656047,9580614.470554776,37S
Romeo,2002-08-25T21:03:00Z,Eastern African Time,38.8809,-3.83407167,486776.6059502232,9576212.616273636,37S
Romeo,2002-08-26T04:03:00Z,Eastern African Time,38.874325,-3.78101167,486045.74368839164,9582077.510032652,37S
Romeo,2002-08-26T12:03:00Z,Eastern African Time,38.87300667,-3.78066167,485899.3577306969,9582116.176048845,37S
Romeo,2002-08-26T18:03:00Z,Eastern African Time,38.86906333,-3.78058333,485461.5088489012,9582124.770389788,37S
Romeo,2002-08-27T01:03:00Z,Eastern African Time,38.86954,-3.780895,485514.44094045635,9582090.327857712,37S
Romeo,2002-08-27T15:03:00Z,Eastern African Time,38.86006,-3.7792583300000002,484461.8028636299,9582271.073715664,37S
Romeo,2002-08-27T22:03:00Z,Eastern African Time,38.91860667,-3.775145,490962.4786972125,9582726.5681503,37S
Romeo,2002-08-28T13:03:00Z,Eastern African Time,38.95316667,-3.81010833,494800.0638962204,9578862.181314291,37S
Romeo,2002-08-28T20:03:00Z,Eastern African Time,38.98372833,-3.79253667,498193.30915201595,9580804.58767828,37S
Romeo,2002-08-29T02:03:00Z,Eastern African Time,38.98378333,-3.79256167,498199.4160138857,9580801.824420135,37S
Romeo,2002-08-29T09:03:00Z,Eastern African Time,38.98794,-3.78655833,498660.93393739755,9581465.410521276,37S
Romeo,2002-08-29T16:03:00Z,Eastern African Time,38.983715,-3.79258167,498191.82917681657,9580799.613579668,37S
Romeo,2002-08-29T23:03:00Z,Eastern African Time,38.98387,-3.79225167,498209.0385980119,9580836.090420716,37S
Romeo,2002-08-30T06:03:00Z,Eastern African Time,38.9464,-3.78568167,494048.5884689962,9581562.137544347,37S
Romeo,2002-08-30T20:03:00Z,Eastern African Time,38.86940333,-3.780255,485499.2551991287,9582161.068079242,37S
Romeo,2002-08-31T03:03:00Z,Eastern African Time,38.86799333,-3.775855,485342.62234936847,9582647.399119822,37S
Romeo,2002-08-31T17:03:00Z,Eastern African Time,38.87480667,-3.77180333,486099.0792625047,9583095.362760015,37S
Romeo,2002-09-01T00:03:00Z,Eastern African Time,38.87639333,-3.80290833,486275.74528110196,9579657.192219319,37S
Romeo,2002-09-01T07:03:00Z,Eastern African Time,38.878105,-3.82974333,486466.21516193624,9576691.006790267,37S
Romeo,2002-09-01T14:03:00Z,Eastern African Time,38.87757667,-3.82948167,486407.5514062366,9576719.921090083,37S
Romeo,2002-09-01T21:02:00Z,Eastern African Time,38.86897333,-3.77980333,485451.50272516435,9582210.986307539,37S
Romeo,2002-09-03T01:03:00Z,Eastern African Time,38.87064167,-3.77771667,485636.71222979284,9582441.66332814,37S
Romeo,2002-09-03T08:03:00Z,Eastern African Time,38.88540333,-3.77005,487275.6622661902,9583289.329176141,37S
Romeo,2002-09-03T16:03:00Z,Eastern African Time,38.86965333,-3.77430333,485526.9152929383,9582818.94097481,37S
Romeo,2002-09-03T22:03:00Z,Eastern African Time,38.86114833,-3.760765,484582.3197798148,9584315.256444063,37S
Romeo,2002-09-04T05:03:00Z,Eastern African Time,38.90256833,-3.75017833,489181.3495369696,9585486.075682,37S
Romeo,2002-09-04T12:03:00Z,Eastern African Time,38.90167167,-3.74902667,489081.77151919884,9585613.363243937,37S
Romeo,2002-09-04T19:04:00Z,Eastern African Time,38.93013667,-3.74541167,492242.4519427828,9586013.250130488,37S
Romeo,2002-09-05T17:03:00Z,Eastern African Time,38.92938667,-3.745095,492159.16990007367,9586048.246537492,37S
Romeo,2002-09-06T06:03:00Z,Eastern African Time,38.92953667,-3.74524833,492175.82711260155,9586031.299565984,37S
Romeo,2002-09-06T13:03:00Z,Eastern African Time,38.92971833,-3.74526333,492195.99858789577,9586029.643161329,37S
Romeo,2002-09-06T21:03:00Z,Eastern African Time,38.92968167,-3.74532667,492191.9284599725,9586022.641556721,37S
Romeo,2002-09-07T03:03:00Z,Eastern African Time,38.92953667,-3.74562833,492175.83048698405,9585989.296316965,37S
Romeo,2002-09-08T01:03:00Z,Eastern African Time,38.908805,-3.849975,489875.0232297664,9574455.119194586,37S
Romeo,2002-09-08T14:03:00Z,Eastern African Time,38.90263833,-3.84955833,489190.35929253994,9574501.100256419,37S
Romeo,2002-09-08T21:03:00Z,Eastern African Time,38.88092667,-3.83139,486779.5258845761,9576509.03573185,37S
Romeo,2002-09-09T04:03:00Z,Eastern African Time,38.86878,-3.80519333,485430.46149869176,9579404.49456174,37S
Romeo,2002-09-09T12:03:00Z,Eastern African Time,38.868515,-3.80545833,485401.0425910425,9579375.198250484,37S
Romeo,2002-09-10T01:03:00Z,Eastern African Time,38.871405,-3.782155,485721.5412224951,9581951.084436249,37S
Romeo,2002-09-10T15:03:00Z,Eastern African Time,38.87001667,-3.78003667,485567.3536482486,9582185.211429656,37S
Romeo,2002-09-10T22:03:00Z,Eastern African Time,38.87066667,-3.779855,485639.5232691121,9582205.303117897,37S
Romeo,2002-09-11T05:03:00Z,Eastern African Time,38.87058833,-3.778815,485630.8076880219,9582320.258378882,37S
Romeo,2002-09-11T20:03:00Z,Eastern African Time,38.86979833,-3.77676667,485543.05618630577,9582546.657743998,37S
Romeo,2002-09-12T02:03:00Z,Eastern African Time,38.87092333,-3.78068667,485668.03511609166,9582113.378585652,37S
Romeo,2002-09-12T10:03:00Z,Eastern African Time,38.87227167,-3.78006833,485817.7375909993,9582181.74901024,37S
Romeo,2002-09-13T00:03:00Z,Eastern African Time,38.873035,-3.78473667,485902.5691932187,9581665.745781155,37S
Romeo,2002-09-13T06:03:00Z,Eastern African Time,38.871325,-3.79500833,485712.8692886029,9580530.338101894,37S
Diana,2005-01-12T03:00:41Z,Eastern African Time,38.9237614,-3.8396436,491535.4652328855,9575597.26479177,37S
Diana,2005-01-12T09:00:48Z,Eastern African Time,38.9249859,-3.8350118,491671.3728803502,9576109.25333934,37S
Diana,2005-01-12T21:01:24Z,Eastern African Time,38.9312856,-3.8288389,492370.7584119552,9576791.63402713,37S
Diana,2005-02-12T03:00:42Z,Eastern African Time,38.9329107,-3.8756283,492551.59740834846,9571619.77581905,37S
Diana,2005-02-12T09:03:02Z,Eastern African Time,38.9558162,-3.8661086,495094.5625743772,9572672.20407262,37S
Diana,2005-02-12T15:03:12Z,Eastern African Time,38.956307,-3.8657851,495149.05105033517,9572707.965002628,37S
Diana,2005-02-12T21:00:49Z,Eastern African Time,38.9843564,-3.8595677,498263.1805806933,9573395.31457006,37S
Diana,2005-03-12T03:00:54Z,Eastern African Time,38.9856231,-3.8380284,498403.77493812767,9575776.164663618,37S
Diana,2005-03-12T09:00:53Z,Eastern African Time,38.9872703,-3.7996358,498586.5959330603,9580019.892538352,37S
Diana,2005-03-12T21:00:54Z,Eastern African Time,38.9867835,-3.7915331,498532.5318778165,9580915.52296558,37S
Diana,2005-04-12T03:00:48Z,Eastern African Time,38.9339156,-3.8115357,492662.61594312143,9578704.26698001,37S
Diana,2005-04-12T09:01:23Z,Eastern African Time,38.9200856,-3.8132376,491127.080648986,9578516.017308446,37S
Diana,2005-04-12T21:00:55Z,Eastern African Time,38.9106981,-3.8248524,490084.9162420505,9577232.071820967,37S
Diana,2005-05-12T03:00:54Z,Eastern African Time,38.8699549,-3.8531267,485561.71559689776,9574106.185809223,37S
Diana,2005-05-12T09:01:51Z,Eastern African Time,38.8236513,-3.8333694,480420.38412435533,9576289.146233821,37S
Diana,2005-05-12T15:00:52Z,Eastern African Time,38.8236536,-3.8331395,480420.6342603371,9576314.558404518,37S
Diana,2005-05-12T21:00:54Z,Eastern African Time,38.8170115,-3.8103564,479682.6374810602,9578832.746061694,37S
Diana,2005-06-12T03:00:42Z,Eastern African Time,38.8287286,-3.735666,480981.97667579947,9587088.942493541,37S
Diana,2005-06-12T09:01:41Z,Eastern African Time,38.8648178,-3.7215043,484989.09959981416,9588655.00491713,37S
Diana,2005-06-12T15:01:52Z,Eastern African Time,38.8647785,-3.7215049,484984.7356517093,9588654.93792772,37S
Diana,2005-06-12T21:00:48Z,Eastern African Time,38.8817575,-3.7070873,486869.9073947844,9590248.8571444,37S
Diana,2005-06-25T13:51:37Z,Eastern African Time,38.870628,-3.788616,485635.373868466,9581236.903923668,37S
Diana,2005-06-25T15:00:42Z,Eastern African Time,38.8705997,-3.7886498,485632.23217258503,9581233.16736594,37S
Diana,2005-07-12T03:00:23Z,Eastern African Time,38.9370422,-3.6879458,493008.782353447,9592365.285299106,37S
Diana,2005-07-12T15:02:17Z,Eastern African Time,38.9649943,-3.7181153,496112.8859469232,9589030.67945575,37S
Diana,2005-07-12T21:01:24Z,Eastern African Time,38.9656724,-3.7275217,496188.2241985285,9587990.948382353,37S
Diana,2005-08-10T19:04:54Z,Eastern African Time,38.9199658,-3.8041695,491113.6862065459,9579518.35897095,37S
Diana,2005-08-10T23:01:18Z,Eastern African Time,38.9199946,-3.8032662,491116.8746655509,9579618.205567317,37S
Diana,2005-08-12T03:00:53Z,Eastern African Time,38.9666299,-3.7261697,496294.5404437683,9588140.395453664,37S
Diana,2005-08-12T09:03:08Z,Eastern African Time,38.966375,-3.7258943,496266.2348501273,9588170.835649088,37S
Diana,2005-08-12T15:00:55Z,Eastern African Time,38.9663514,-3.7260144,496263.6147807732,9588157.560325354,37S
Diana,2005-08-12T21:00:55Z,Eastern African Time,38.9660928,-3.7262596,496234.90053245856,9588130.456103776,37S
Diana,2005-09-10T03:01:24Z,Eastern African Time,38.912373,-3.7981286,490270.57823601953,9580186.008337086,37S
Diana,2005-09-10T07:01:12Z,Eastern African Time,38.8707057,-3.774821,485643.7742358065,9582761.73767854,37S
Diana,2005-09-10T11:01:19Z,Eastern African Time,38.8708363,-3.7748284,485658.2755862314,9582760.921871815,37S
Diana,2005-09-10T19:01:18Z,Eastern African Time,38.8701869,-3.7746587,485586.16637068696,9582779.668956442,37S
Diana,2005-09-10T23:01:17Z,Eastern African Time,38.8700108,-3.7732812,485566.59028748545,9582931.928191472,37S
Diana,2005-09-12T03:01:12Z,Eastern African Time,38.9661065,-3.726246,496236.42174061295,9588131.959434919,37S
Diana,2005-09-12T09:02:24Z,Eastern African Time,38.9662617,-3.7273358,496253.6599627181,9588011.499320427,37S
Diana,2005-09-12T15:01:24Z,Eastern African Time,38.9637194,-3.7256954,495971.35251778597,9588192.809322026,37S
Diana,2005-09-12T21:01:02Z,Eastern African Time,38.963192,-3.725675,495912.7891978046,9588195.061803864,37S
Diana,2005-10-08T19:04:54Z,Eastern African Time,38.9199658,-3.8041695,491113.6862065459,9579518.35897095,37S
Diana,2005-10-08T23:01:18Z,Eastern African Time,38.9199946,-3.8032662,491116.8746655509,9579618.205567317,37S
Diana,2005-10-09T03:01:24Z,Eastern African Time,38.912373,-3.7981286,490270.57823601953,9580186.008337086,37S
Diana,2005-10-09T07:01:12Z,Eastern African Time,38.8707057,-3.774821,485643.7742358065,9582761.73767854,37S
Diana,2005-10-09T11:01:19Z,Eastern African Time,38.8708363,-3.7748284,485658.2755862314,9582760.921871815,37S
Diana,2005-10-09T19:01:18Z,Eastern African Time,38.8701869,-3.7746587,485586.16637068696,9582779.668956442,37S
Diana,2005-10-09T23:01:17Z,Eastern African Time,38.8700108,-3.7732812,485566.59028748545,9582931.928191472,37S
Diana,2005-10-10T03:01:41Z,Eastern African Time,38.869998,-3.7732864,485565.16911707784,9582931.353196552,37S
Diana,2005-10-10T19:01:24Z,Eastern African Time,38.8707004,-3.7757846,485643.20157453825,9582655.225931138,37S
Diana,2005-10-10T23:01:23Z,Eastern African Time,38.8706688,-3.7757635,485639.6925116703,9582657.557701109,37S
Diana,2005-10-11T03:00:48Z,Eastern African Time,38.8705151,-3.7757432,485622.6260482271,9582659.799026176,37S
Diana,2005-10-11T07:01:18Z,Eastern African Time,38.8707413,-3.7757509,485647.74236581667,9582658.951640137,37S
Diana,2005-10-11T09:10:06Z,Eastern African Time,38.8706778,-3.7757917,485640.69229290483,9582654.44075869,37S
Diana,2005-10-11T09:11:10Z,Eastern African Time,38.8706835,-3.7757561,485641.32460937666,9582658.375903754,37S
Diana,2005-10-11T09:12:01Z,Eastern African Time,38.8706778,-3.7758008,485640.69244241284,9582653.434888912,37S
Diana,2005-10-11T09:18:50Z,Eastern African Time,38.8707002,-3.7757537,485643.1788598958,9582658.64146367,37S
Diana,2005-10-11T09:19:32Z,Eastern African Time,38.8707032,-3.7757378,485643.5117047006,9582660.399021901,37S
Diana,2005-10-11T09:20:26Z,Eastern African Time,38.8706905,-3.7757557,485642.1018500871,9582658.420233328,37S
Diana,2005-10-11T09:21:23Z,Eastern African Time,38.8706891,-3.7757295,485641.9459702227,9582661.316230897,37S
Diana,2005-10-11T09:21:35Z,Eastern African Time,38.8706878,-3.7756672,485641.8006008449,9582668.202548673,37S
Diana,2005-10-11T09:21:46Z,Eastern African Time,38.8707158,-3.7756747,485644.9097134654,9582667.373997128,37S
Diana,2005-10-11T09:22:25Z,Eastern African Time,38.8706851,-3.7756508,485641.50053601724,9582670.015280413,37S
Diana,2005-10-11T09:28:05Z,Eastern African Time,38.8706808,-3.7757397,485641.02454456413,9582660.188635496,37S
Diana,2005-10-11T09:28:18Z,Eastern African Time,38.8706821,-3.7757299,485641.1687294896,9582661.271901324,37S
Diana,2005-10-11T09:28:29Z,Eastern African Time,38.8706891,-3.7757295,485641.9459702227,9582661.316230897,37S
Diana,2005-10-11T09:28:38Z,Eastern African Time,38.8706961,-3.7757111,485642.7229152753,9582663.350192986,37S
Diana,2005-10-11T15:02:49Z,Eastern African Time,38.8706611,-3.775713,485638.8367098856,9582663.139598604,37S
Diana,2005-10-11T19:01:17Z,Eastern African Time,38.8703487,-3.7758075,485604.1508286361,9582652.688865144,37S
Diana,2005-10-11T23:00:48Z,Eastern African Time,38.8703417,-3.7757898,485603.37328983255,9582654.645221332,37S
Diana,2005-10-12T03:00:47Z,Eastern African Time,38.9650063,-3.7277695,496114.26077438885,9587963.554960383,37S
Diana,2005-10-12T03:01:11Z,Eastern African Time,38.8771383,-3.7776037,486358.06418700056,9582454.255089134,37S
Diana,2005-10-12T07:02:17Z,Eastern African Time,38.8706453,-3.7758242,485637.0841790488,9582650.847830182,37S
Diana,2005-10-12T09:01:51Z,Eastern African Time,38.9663287,-3.727339,496261.09973494353,9588011.145893717,37S
Diana,2005-10-12T15:01:46Z,Eastern African Time,38.9662894,-3.7273215,496256.73574280494,9588013.08008513,37S
Diana,2005-10-12T19:00:48Z,Eastern African Time,38.8705106,-3.7758554,485622.12823502003,9582647.39690898,37S
Diana,2005-10-12T21:00:54Z,Eastern African Time,38.965817,-3.7272306,496204.27950115985,9588023.125674073,37S
Diana,2005-10-12T23:01:17Z,Eastern African Time,38.8677932,-3.783762,485320.53379594313,9581773.394209702,37S
Diana,2005-10-13T03:00:49Z,Eastern African Time,38.8699477,-3.7924795,485559.9017309996,9580809.839951782,37S
Diana,2005-10-13T07:00:25Z,Eastern African Time,38.8705341,-3.7929323,485625.0190794697,9580759.799373584,37S
Diana,2005-10-13T11:01:51Z,Eastern African Time,38.8706859,-3.7930778,485641.87631121004,9580743.719022175,37S
Diana,2005-10-13T19:00:53Z,Eastern African Time,38.8704719,-3.7931708,485618.11676075804,9580733.43569933,37S
Diana,2005-10-13T23:00:54Z,Eastern African Time,38.8705097,-3.7928334,485622.30823652673,9580770.730898352,37S
Diana,2005-10-14T03:00:53Z,Eastern African Time,38.8690511,-3.7886974,485460.28619663516,9581227.880078048,37S
Diana,2005-10-14T07:01:28Z,Eastern African Time,38.870842,-3.7771297,485658.9462511764,9582506.547447743,37S
Diana,2005-10-14T11:03:08Z,Eastern African Time,38.8709853,-3.7769658,485674.8549009509,9582524.666519066,37S
Diana,2005-10-15T03:00:54Z,Eastern African Time,38.8712065,-3.7762536,485699.40422491846,9582603.393285848,37S
Diana,2005-10-15T07:00:54Z,Eastern African Time,38.8722057,-3.7737911,485810.31068362395,9582875.602409389,37S
Diana,2005-10-15T15:02:53Z,Eastern African Time,38.871434,-3.7745873,485724.63753294275,9582787.581719633,37S
Diana,2005-10-15T19:00:49Z,Eastern African Time,38.8699093,-3.7805279,485555.4399716224,9582130.91146159,37S
Diana,2005-10-15T23:00:48Z,Eastern African Time,38.8733776,-3.785804,485940.62671338156,9581547.773853093,37S
Diana,2005-10-16T03:01:40Z,Eastern African Time,38.8734296,-3.7858577,485946.4013490321,9581541.83895764,37S
Diana,2005-10-16T07:00:48Z,Eastern African Time,38.875574,-3.7856131,486184.49883440597,9581568.9102893,37S
Diana,2005-10-16T11:01:53Z,Eastern African Time,38.875775,-3.7852867,486206.8115142277,9581604.992157398,37S
Diana,2005-10-16T15:01:42Z,Eastern African Time,38.8756742,-3.7852518,486195.61872513674,9581608.848231241,37S
Diana,2005-10-16T19:00:48Z,Eastern African Time,38.8740412,-3.7857873,486014.3086308352,9581549.630513486,37S
Diana,2005-10-16T23:00:42Z,Eastern African Time,38.8743546,-3.7857836,486049.1066380933,9581550.04453828,37S
Diana,2005-10-17T03:00:54Z,Eastern African Time,38.8726472,-3.7879547,485859.56235101406,9581310.034016235,37S
Diana,2005-10-17T07:00:53Z,Eastern African Time,38.9276301,-3.809511,491964.71458709677,9578928.01121549,37S
Diana,2005-10-17T11:00:48Z,Eastern African Time,38.9277187,-3.8094936,491974.5517569461,9578929.935350105,37S
Diana,2005-11-10T03:00:48Z,Eastern African Time,38.8705151,-3.7757432,485622.6260482271,9582659.799026176,37S
Diana,2005-11-10T07:01:18Z,Eastern African Time,38.8707413,-3.7757509,485647.74236581667,9582658.951640137,37S
Diana,2005-11-10T09:10:06Z,Eastern African Time,38.8706778,-3.7757917,485640.69229290483,9582654.44075869,37S
Diana,2005-11-10T09:11:10Z,Eastern African Time,38.8706835,-3.7757561,485641.32460937666,9582658.375903754,37S
Diana,2005-11-10T09:12:01Z,Eastern African Time,38.8706778,-3.7758008,485640.69244241284,9582653.434888912,37S
Diana,2005-11-10T09:18:50Z,Eastern African Time,38.8707002,-3.7757537,485643.1788598958,9582658.64146367,37S
Diana,2005-11-10T09:19:32Z,Eastern African Time,38.8707032,-3.7757378,485643.5117047006,9582660.399021901,37S
Diana,2005-11-10T09:20:26Z,Eastern African Time,38.8706905,-3.7757557,485642.1018500871,9582658.420233328,37S
Diana,2005-11-10T09:21:23Z,Eastern African Time,38.8706891,-3.7757295,485641.9459702227,9582661.316230897,37S
Diana,2005-11-10T09:21:35Z,Eastern African Time,38.8706878,-3.7756672,485641.8006008449,9582668.202548673,37S
Diana,2005-11-10T09:21:46Z,Eastern African Time,38.8707158,-3.7756747,485644.9097134654,9582667.373997128,37S
Diana,2005-11-10T09:22:25Z,Eastern African Time,38.8706851,-3.7756508,485641.50053601724,9582670.015280413,37S
Diana,2005-11-10T09:28:05Z,Eastern African Time,38.8706808,-3.7757397,485641.02454456413,9582660.188635496,37S
Diana,2005-11-10T09:28:18Z,Eastern African Time,38.8706821,-3.7757299,485641.1687294896,9582661.271901324,37S
Diana,2005-11-10T09:28:29Z,Eastern African Time,38.8706891,-3.7757295,485641.9459702227,9582661.316230897,37S
Diana,2005-11-10T09:28:38Z,Eastern African Time,38.8706961,-3.7757111,485642.7229152753,9582663.350192986,37S
Diana,2005-11-10T15:02:49Z,Eastern African Time,38.8706611,-3.775713,485638.8367098856,9582663.139598604,37S
Diana,2005-11-10T19:01:17Z,Eastern African Time,38.8703487,-3.7758075,485604.1508286361,9582652.688865144,37S
Diana,2005-11-10T23:00:48Z,Eastern African Time,38.8703417,-3.7757898,485603.37328983255,9582654.645221332,37S
Diana,2005-11-12T03:00:48Z,Eastern African Time,38.9395903,-3.7785349,493292.4264161175,9582352.055646364,37S
Diana,2005-11-12T21:00:55Z,Eastern African Time,38.9376284,-3.7812879,493074.60917005385,9582047.737588068,37S
Diana,2005-11-17T21:00:49Z,Eastern African Time,38.947416,-3.7819424,494161.37380612997,9581975.464379894,37S
Diana,2005-11-18T15:02:21Z,Eastern African Time,39.0120909,-3.8096463,501342.4613294433,9578913.383583967,37S
Diana,2005-11-18T21:01:24Z,Eastern African Time,39.0137227,-3.8023266,501523.6541239692,9579722.4634705,37S
Diana,2005-11-19T03:00:54Z,Eastern African Time,38.9777724,-3.7929449,497532.0060499326,9580759.449315863,37S
Diana,2005-11-19T21:00:54Z,Eastern African Time,38.9623615,-3.7937513,495820.8934601466,9580670.254814941,37S
Diana,2005-11-20T03:00:53Z,Eastern African Time,38.9328851,-3.7882505,492547.99915464065,9581278.08764241,37S
Diana,2005-11-20T09:01:46Z,Eastern African Time,38.9326082,-3.7882154,492517.25366866135,9581281.965035427,37S
Diana,2005-11-20T15:01:53Z,Eastern African Time,38.9327685,-3.7879265,492535.04986869334,9581313.899968786,37S
Diana,2005-11-20T21:00:47Z,Eastern African Time,38.9290757,-3.7937648,492125.07789552107,9580668.530923696,37S
Diana,2005-11-21T03:00:54Z,Eastern African Time,38.8396696,-3.8515562,482199.2432698946,9574279.209226424,37S
Diana,2005-11-21T15:02:29Z,Eastern African Time,38.8022713,-3.8238545,478046.35758071335,9577340.363837905,37S
Diana,2005-11-21T21:00:53Z,Eastern African Time,38.8115335,-3.7833669,479073.75869111915,9581815.913184686,37S
Diana,2005-11-22T03:00:54Z,Eastern African Time,38.8877723,-3.7456455,487538.3568835114,9585986.915439986,37S
Diana,2005-11-22T15:03:03Z,Eastern African Time,38.9562783,-3.7729205,495145.34291684336,9582972.753703292,37S
Diana,2005-11-22T21:00:55Z,Eastern African Time,38.971166,-3.7893109,496798.46515761875,9581161.11156582,37S
Diana,2005-11-23T03:01:53Z,Eastern African Time,38.9582654,-3.8064203,495366.1596986123,9579269.866681097,37S
Diana,2005-11-23T09:00:54Z,Eastern African Time,38.9588202,-3.7910563,495427.6789212285,9580968.128557565,37S
Diana,2005-11-23T15:00:46Z,Eastern African Time,38.9581681,-3.7915831,495355.2770315104,9580909.89528933,37S
Diana,2005-11-23T21:01:53Z,Eastern African Time,38.9866086,-3.8034942,498513.13266542944,9579593.403461462,37S
Diana,2005-11-24T03:01:19Z,Eastern African Time,39.0177826,-3.765258,501974.5154826536,9583819.828694312,37S
Diana,2005-11-24T21:00:48Z,Eastern African Time,38.9850371,-3.7325554,498338.512075214,9587434.609755317,37S
Diana,2005-11-25T03:00:54Z,Eastern African Time,38.9770083,-3.7259093,497446.97088109044,9588169.215537323,37S
Diana,2005-11-25T09:01:17Z,Eastern African Time,38.9773171,-3.7259743,497481.2606327438,9588162.03166725,37S
Diana,2005-11-25T15:01:55Z,Eastern African Time,38.9773987,-3.7260294,497490.321761807,9588155.941435656,37S
Diana,2005-11-25T21:00:53Z,Eastern African Time,38.97686,-3.7284153,497430.5107221208,9587892.21503465,37S
Diana,2005-11-26T03:00:54Z,Eastern African Time,38.9697296,-3.7287132,496638.74487640196,9587859.262733566,37S
Diana,2005-11-26T09:01:17Z,Eastern African Time,38.9795979,-3.7268832,497734.52603282506,9588061.572828775,37S
Diana,2005-11-26T15:03:06Z,Eastern African Time,38.9772275,-3.7259061,497471.3111344153,9588169.569880184,37S
Diana,2005-11-26T21:00:49Z,Eastern African Time,38.976888,-3.7258352,497433.6123927711,9588177.4058124609,37S
Diana,2005-11-27T15:01:54Z,Eastern African Time,38.9751614,-3.7368545,497241.9227549746,9586959.384948587,37S
Diana,2005-11-27T21:01:23Z,Eastern African Time,38.9756926,-3.7441592,497300.92953418155,9586151.963190645,37S
Diana,2005-11-28T03:00:47Z,Eastern African Time,38.9732214,-3.7930892,497026.695973628,9580743.484832268,37S
Diana,2005-11-28T15:01:53Z,Eastern African Time,38.9719799,-3.7974182,496888.86418065417,9580264.974793049,37S
Diana,2005-11-28T21:00:54Z,Eastern African Time,38.9742594,-3.8033158,497141.981710744,9579613.09183465,37S
Diana,2005-11-29T03:00:42Z,Eastern African Time,38.9438136,-3.8702075,493762.02223725984,9572219.052846493,37S
Diana,2005-11-29T09:01:51Z,Eastern African Time,38.9249465,-3.8815746,491667.4520568409,9570962.426111478,37S
Diana,2005-11-29T15:00:53Z,Eastern African Time,38.928581,-3.8818334,492070.96212255437,9570933.854511663,37S
Diana,2005-11-29T21:00:48Z,Eastern African Time,38.9285813,-3.8822884,492070.9996733222,9570883.56098966,37S
Diana,2005-11-30T03:00:42Z,Eastern African Time,38.8701305,-3.8934086,485581.8933998507,9569653.613092124,37S
Diana,2005-11-30T15:00:49Z,Eastern African Time,38.9109298,-3.8484511,490110.91297193465,9574623.58867525,37S
Diana,2005-11-30T21:00:48Z,Eastern African Time,38.9167125,-3.8422184,490752.8749643875,9575312.585947262,37S
Diana,2005-12-10T03:01:11Z,Eastern African Time,38.8771383,-3.7776037,486358.06418700056,9582454.255089134,37S
Diana,2005-12-10T07:02:17Z,Eastern African Time,38.8706453,-3.7758242,485637.0841790488,9582650.847830182,37S
Diana,2005-12-10T19:00:48Z,Eastern African Time,38.8705106,-3.7758554,485622.12823502003,9582647.39690898,37S
Diana,2005-12-10T23:01:17Z,Eastern African Time,38.8677932,-3.783762,485320.53379594313,9581773.394209702,37S
Diana,2005-12-12T03:01:13Z,Eastern African Time,38.9351285,-3.8374356,492797.5010969296,9575841.430343326,37S
Diana,2005-12-12T09:03:02Z,Eastern African Time,38.9242597,-3.8367449,491590.76161290036,9575917.677845793,37S
Diana,2005-12-12T15:02:19Z,Eastern African Time,38.9241991,-3.8368872,491584.0347491594,9575901.948103901,37S
Diana,2005-12-12T21:00:54Z,Eastern African Time,38.9241994,-3.8369361,491584.0685358654,9575896.542939836,37S
Diana,2005-12-13T03:00:47Z,Eastern African Time,38.8873084,-3.8556542,487488.43116764596,9573827.082157966,37S
Diana,2005-12-13T09:00:54Z,Eastern African Time,38.8755528,-3.8584634,486183.3107701538,9573516.384692745,37S
Diana,2005-12-13T21:00:54Z,Eastern African Time,38.8758772,-3.8588689,486219.33371146594,9573471.567873124,37S
Diana,2005-12-14T03:00:53Z,Eastern African Time,38.8427953,-3.8432129,482546.1066485727,9575201.504311819,37S
Diana,2005-12-14T09:02:22Z,Eastern African Time,38.8429144,-3.842156,482559.3084768389,9575318.331655221,37S
Diana,2005-12-14T15:01:11Z,Eastern African Time,38.8429145,-3.8421328,482559.3191084158,9575320.896079568,37S
Diana,2005-12-14T21:00:55Z,Eastern African Time,38.8421202,-3.8551129,482471.3957609248,9573886.118444791,37S
Diana,2005-12-15T03:00:53Z,Eastern African Time,38.8870644,-3.8774464,487461.66123863845,9571418.271044785,37S
Diana,2005-12-15T09:01:51Z,Eastern African Time,38.8874408,-3.8928316,487503.6763493931,9569717.668068796,37S
Diana,2005-12-15T15:00:54Z,Eastern African Time,38.8872283,-3.8930088,487480.087183993,9569698.07805074,37S
Diana,2005-12-15T21:00:54Z,Eastern African Time,38.874292,-3.8910717,486043.86524173047,9569911.99329594,37S
Diana,2005-12-16T03:00:45Z,Eastern African Time,38.8502731,-3.8741988,483376.94514542795,9571776.612984588,37S
Diana,2005-12-16T09:02:59Z,Eastern African Time,38.8535348,-3.829652,483738.22244353266,9576700.675274497,37S
Diana,2005-12-16T15:00:54Z,Eastern African Time,38.8538016,-3.8293115,483767.83843571745,9576738.317616254,37S
Diana,2005-12-16T21:01:18Z,Eastern African Time,38.8522688,-3.8213826,483597.50310337247,9577614.712223241,37S
Diana,2005-12-17T03:00:47Z,Eastern African Time,38.9311423,-3.7614134,492354.25520852074,9584244.509619394,37S
Diana,2005-12-17T09:00:54Z,Eastern African Time,39.0007615,-3.7908319,500084.5517243893,9580993.041191358,37S
Diana,2005-12-17T15:00:54Z,Eastern African Time,39.0023115,-3.7907852,500256.65308136103,9580998.20286595,37S
Diana,2005-12-17T21:00:55Z,Eastern African Time,39.0152443,-3.8064115,501692.5919266465,9579270.93647708,37S
Diana,2005-12-18T03:00:47Z,Eastern African Time,38.9864426,-3.8021134,498494.69903955475,9579746.02980732,37S
Diana,2005-12-18T09:01:41Z,Eastern African Time,38.9983408,-3.794491,499815.7746143661,9580588.582790531,37S
Diana,2005-12-18T15:01:45Z,Eastern African Time,38.9982312,-3.7947171,499803.6054861396,9580563.590823866,37S
Diana,2005-12-18T21:00:54Z,Eastern African Time,38.9981406,-3.7946446,499793.5459127541,9580571.604583591,37S
Diana,2005-12-19T09:01:18Z,Eastern African Time,38.9981913,-3.7947713,499799.1752967653,9580557.59982271,37S
Diana,2005-12-19T15:00:47Z,Eastern African Time,38.998158,-3.794713,499795.4778967431,9580564.044000039,37S
Diana,2005-12-19T21:01:18Z,Eastern African Time,38.9982143,-3.7946849,499801.72902737063,9580567.150044043,37S
Diana,2005-12-20T03:00:48Z,Eastern African Time,38.9983692,-3.794699,499818.9279851531,9580565.59153578,37S
Diana,2005-12-20T09:01:54Z,Eastern African Time,38.9940015,-3.8075658,499333.9806320585,9579143.3586296,37S
Diana,2005-12-20T21:01:12Z,Eastern African Time,38.9938749,-3.8076443,499319.92417081026,9579134.681537949,37S
Diana,2005-12-21T03:00:43Z,Eastern African Time,38.993412,-3.807831,499268.5280895253,9579114.044285662,37S
Diana,2005-12-21T21:00:55Z,Eastern African Time,38.9923375,-3.8073392,499149.2248483797,9579168.404384675,37S
Diana,2005-12-22T03:00:54Z,Eastern African Time,38.9869668,-3.7838928,498552.87154326483,9581760.04301403,37S
Diana,2005-12-22T09:01:39Z,Eastern African Time,38.98745,-3.7830476,498606.5218273765,9581853.467886422,37S
Diana,2005-12-22T21:00:55Z,Eastern African Time,38.987383,-3.7827468,498599.08205833915,9581886.716670575,37S
Diana,2005-12-23T03:00:53Z,Eastern African Time,38.9932321,-3.8081743,499248.5539188912,9579076.097485295,37S
Diana,2005-12-23T15:01:24Z,Eastern African Time,39.0009402,-3.7997865,500104.3922686547,9580003.245273856,37S
Diana,2005-12-23T21:01:51Z,Eastern African Time,39.0008082,-3.8000236,500089.7360226454,9579977.037458912,37S
Diana,2005-12-24T03:00:47Z,Eastern African Time,38.9260435,-3.8031663,491788.49298372347,9579629.307870772,37S
Diana,2005-12-24T21:02:10Z,Eastern African Time,38.912415,-3.8002036,490275.2648248344,9579956.648584925,37S
Diana,2005-12-25T03:00:41Z,Eastern African Time,38.9135689,-3.7993775,490403.3755852417,9580047.97448151,37S
Diana,2005-12-25T09:00:53Z,Eastern African Time,38.9123336,-3.8009192,490266.2348374595,9579877.548785776,37S
Diana,2005-12-25T15:00:54Z,Eastern African Time,38.9124021,-3.8009034,490273.84035012196,9579879.296010735,37S
Diana,2005-12-25T21:01:19Z,Eastern African Time,38.9217263,-3.7979096,491309.0945438162,9580210.315101609,37S
Diana,2005-12-26T03:00:42Z,Eastern African Time,38.9123242,-3.798505,490265.16407619533,9580144.402396679,37S
Diana,2005-12-26T15:02:24Z,Eastern African Time,38.9185582,-3.7933968,490957.2860861985,9580709.105071833,37S
Diana,2005-12-26T21:01:41Z,Eastern African Time,38.9177585,-3.7936622,490868.49585370935,9580679.760686878,37S
Diana,2005-12-27T03:00:47Z,Eastern African Time,38.8849912,-3.7421383,487229.495309999,9586374.543789808,37S
Diana,2005-12-27T15:01:52Z,Eastern African Time,38.8851795,-3.7416585,487250.3971151778,9586427.581217386,37S
Diana,2005-12-27T21:01:18Z,Eastern African Time,38.885213,-3.7415273,487254.11504509335,9586442.083895009,37S
Diana,2005-12-28T03:01:12Z,Eastern African Time,38.8993174,-3.7527329,488820.403781117,9585203.665549781,37S
Diana,2005-12-28T09:01:50Z,Eastern African Time,38.9348362,-3.7697514,492764.48339449725,9583322.901053011,37S
Diana,2005-12-28T21:00:54Z,Eastern African Time,38.9354244,-3.7697688,492829.794839826,9583320.982607165,37S
Diana,2005-12-29T03:00:48Z,Eastern African Time,38.9566077,-3.7734137,495181.9207063443,9582918.239727963,37S
Diana,2005-12-29T09:01:22Z,Eastern African Time,38.9371456,-3.7784464,493020.97904427326,9582361.818745704,37S
Diana,2005-12-29T15:02:52Z,Eastern African Time,38.9368294,-3.7790615,492985.874790635,9582293.826163331,37S
Diana,2005-12-30T03:00:47Z,Eastern African Time,38.896275,-3.7532715,488482.5884108028,9585144.091967313,37S
Diana,2005-12-30T09:01:23Z,Eastern African Time,38.8880036,-3.7521772,487564.1324937299,9585264.93725073,37S
Diana,2005-12-30T15:02:42Z,Eastern African Time,38.8879121,-3.7519218,487553.96888057416,9585293.166592166,37S
Diana,2005-12-30T21:00:54Z,Eastern African Time,38.8968088,-3.752102,488541.84529574757,9585273.36963202,37S
Diana,2005-12-31T03:00:47Z,Eastern African Time,38.8943661,-3.7537454,488270.6341486116,9585091.684085803,37S
Diana,2005-12-31T09:02:11Z,Eastern African Time,38.8154018,-3.7809234,479503.2166771244,9582086.098820308,37S
Diana,2005-12-31T21:00:54Z,Eastern African Time,38.8153394,-3.7819564,479496.31236574263,9581971.914231617,37S
Diana,2006-01-01T03:00:53Z,Eastern African Time,38.809491,-3.7851522,478847.01365971856,9581618.524682662,37S
Diana,2006-01-01T09:01:23Z,Eastern African Time,38.8033179,-3.794278,478161.81557198236,9580609.64651734,37S
Diana,2006-01-01T15:02:26Z,Eastern African Time,38.8032162,-3.794356,478150.52544106357,9580601.022178093,37S
Diana,2006-01-01T21:01:21Z,Eastern African Time,38.8031016,-3.7948985,478137.8146596249,9580541.05374457,37S
Diana,2006-02-01T03:00:47Z,Eastern African Time,38.8860106,-3.846002,487344.20036673936,9574893.971529977,37S
Diana,2006-02-01T09:02:32Z,Eastern African Time,38.9335898,-3.8312352,492626.6103965689,9576526.778977307,37S
Diana,2006-02-01T15:01:55Z,Eastern African Time,38.9341476,-3.8308718,492688.5387401522,9576566.952199439,37S
Diana,2006-02-01T21:01:17Z,Eastern African Time,38.9536569,-3.7798853,494854.31563173566,9582202.885199001,37S
Diana,2006-03-01T03:00:47Z,Eastern African Time,38.9553956,-3.7737721,495047.3367594675,9582878.617222782,37S
Diana,2006-03-01T15:01:28Z,Eastern African Time,38.9531581,-3.771696,494798.8828618205,9583108.085655728,37S
Diana,2006-03-01T21:00:54Z,Eastern African Time,38.9531064,-3.771971,494793.1439580811,9583077.68825312,37S
Diana,2006-04-01T03:00:48Z,Eastern African Time,38.9700436,-3.7876351,496673.8349454672,9581346.341737146,37S
Diana,2006-04-01T15:01:50Z,Eastern African Time,39.0069601,-3.7897744,500772.8025911157,9581109.928778986,37S
Diana,2006-04-01T21:00:57Z,Eastern African Time,39.0106815,-3.7936237,501185.99652237975,9580684.442576647,37S
Diana,2006-05-01T03:01:23Z,Eastern African Time,38.9823993,-3.8377964,498045.84533704235,9575801.80210343,37S
Diana,2006-05-01T09:01:23Z,Eastern African Time,38.9676828,-3.8402816,496411.92527379084,9575527.0527838,37S
Diana,2006-05-01T21:00:48Z,Eastern African Time,38.967356,-3.840409,496375.64225483453,9575512.969241709,37S
Diana,2006-06-01T03:00:47Z,Eastern African Time,38.8916662,-3.8523615,487972.20962361724,9574191.104352666,37S
Diana,2006-06-01T09:01:47Z,Eastern African Time,38.8796751,-3.8388394,486640.6820243305,9575685.595006412,37S
Diana,2006-06-01T21:01:12Z,Eastern African Time,38.8506097,-3.8449172,483413.7473576035,9575013.274403693,37S
Diana,2006-07-01T03:00:41Z,Eastern African Time,38.8057644,-3.8477393,478434.7936182999,9574700.330485456,37S
Diana,2006-07-01T09:01:47Z,Eastern African Time,38.7854274,-3.8355154,476176.50831005705,9576050.968519166,37S
Diana,2006-07-01T15:01:55Z,Eastern African Time,38.7854879,-3.8355716,476183.2270700315,9576044.758090522,37S
Diana,2006-07-01T21:00:48Z,Eastern African Time,38.7854078,-3.8354293,476174.32977359346,9576060.485105162,37S
Diana,2006-08-01T03:00:41Z,Eastern African Time,38.8129324,-3.8744959,479231.2812716853,9571742.949568167,37S
Diana,2006-08-01T09:00:48Z,Eastern African Time,38.8564496,-3.8532243,484062.2856757742,9574095.156980611,37S
Diana,2006-08-01T21:00:54Z,Eastern African Time,38.8711941,-3.8561049,485699.3480189541,9573777.0103418,37S
Diana,2006-09-01T03:00:48Z,Eastern African Time,38.9135374,-3.8153424,490400.05490138545,9578283.292861814,37S
Diana,2006-09-01T09:00:46Z,Eastern African Time,38.9585402,-3.7744347,495396.5019369424,9582805.394068463,37S
Diana,2006-09-01T15:01:23Z,Eastern African Time,38.9612977,-3.7709226,495702.6643533187,9583193.617708284,37S
Diana,2006-09-01T21:02:15Z,Eastern African Time,38.9612627,-3.7710508,495698.7787345318,9583179.446964923,37S
Diana,2006-10-01T03:00:47Z,Eastern African Time,38.936568,-3.7621678,492956.7143701708,9584161.167723412,37S
Diana,2006-10-01T09:00:53Z,Eastern African Time,38.8998901,-3.750662,488883.96914776345,9585432.579705235,37S
Diana,2006-10-01T21:00:53Z,Eastern African Time,38.8976737,-3.752674,488637.889639953,9585210.15489716,37S
